{
  "height": 200,
  "tabOrder": 2000,
  "width": 250.79365079365078,
  "x": 1009.5238095238099,
  "y": 28.57142857142858,
  "z": 2000
}