{
  "height": 175.609756097561,
  "tabOrder": 7000,
  "width": 225.609756097561,
  "x": 71.951219512195124,
  "y": 514.63414634146352,
  "z": 7000
}