{
  "height": 39.512195121951216,
  "width": 32.195121951219512,
  "x": 0,
  "y": 40.975609756097583,
  "z": 0
}