{
  "height": 100,
  "width": 225.36585365853659,
  "x": 32.195121951219512,
  "y": 23.414634146341463,
  "z": 0
}