{
  "height": 154.28571428571431,
  "tabOrder": 1000,
  "width": 162.85714285714286,
  "x": 5.7142857142857144,
  "y": 55.714285714285715,
  "z": 4000
}