{
  "height": 71.707317073170728,
  "tabOrder": 10000,
  "width": 447.80487804878049,
  "x": 788.780487804878,
  "y": 459.51219512195121,
  "z": 9000
}