{
  "height": 100,
  "tabOrder": 2000,
  "width": 224.39024390243904,
  "x": 779.26829268292693,
  "y": 23.170731707317074,
  "z": 2000
}