{
  "height": 31.343283582089551,
  "tabOrder": 7000,
  "width": 250.74626865671641,
  "x": 56.71641791044776,
  "y": 28.35820895522388,
  "z": 7000
}