{
  "height": 170.73170731707319,
  "tabOrder": 6000,
  "width": 225.609756097561,
  "x": 71.951219512195124,
  "y": 304.06504065040656,
  "z": 6000
}