{
  "height": 50,
  "tabOrder": 15000,
  "width": 210,
  "x": 786.87651331719144,
  "y": 409.29782082324454,
  "z": 14000
}