{
  "height": 98.412698412698418,
  "tabOrder": 16000,
  "width": 469.84126984126982,
  "x": 776.19047619047615,
  "y": 311.11111111111109,
  "z": 15000
}