{
  "height": 100,
  "tabOrder": 3000,
  "width": 224.39024390243904,
  "x": 524.390243902439,
  "y": 23.170731707317074,
  "z": 3000
}