{
  "height": 100,
  "tabOrder": 2000,
  "width": 225.609756097561,
  "x": 74.390243902439025,
  "y": 164.22764227642278,
  "z": 3000
}