{
  "height": 100.97560975609755,
  "tabOrder": 4000,
  "width": 225.36585365853659,
  "x": 74.6341463414634,
  "y": 163.90243902439025,
  "z": 4000
}