{
  "name": "3c497e590bf4fb4db7ef",
  "layouts": [
    {
      "id": 0,
      "position": {
        "height": 160.97560975609758,
        "width": 32.195121951219512,
        "x": 0,
        "y": 534.14634146341461,
        "z": 18000,
        "tabOrder": 9000
      }
    }
  ],
  "singleVisualGroup": {
    "displayName": "Group 1",
    "groupMode": 0
  }
}