{
  "height": 154.28571428571431,
  "tabOrder": 2000,
  "width": 162.85714285714286,
  "x": 5.7142857142857144,
  "y": 235.71428571428572,
  "z": 5000
}