{
  "height": 40.975609756097562,
  "tabOrder": 2000,
  "width": 32.195121951219512,
  "x": 0,
  "y": 39.512195121951208,
  "z": 2000
}