{
  "height": 40,
  "tabOrder": 21000,
  "width": 32.857142857142861,
  "x": 0,
  "y": 52.857142857142861,
  "z": 14000
}