{
  "name": "c49b5fda677f0ca2b8b6",
  "layouts": [
    {
      "id": 0,
      "position": {
        "height": 160.97560975609758,
        "width": 32.195121951219512,
        "x": 0,
        "y": 534.14634146341461,
        "z": 8000,
        "tabOrder": 11000
      }
    }
  ],
  "singleVisualGroup": {
    "displayName": "Group 1",
    "groupMode": 0
  }
}