{
  "height": 40,
  "tabOrder": 3000,
  "width": 32.857142857142861,
  "x": 135.71428571428572,
  "y": 0,
  "z": 6000
}