{
  "height": 358.20895522388059,
  "tabOrder": 6000,
  "width": 674.62686567164178,
  "x": 70.149253731343279,
  "y": 162.68656716417908,
  "z": 6000
}