{
  "height": 55.609756097560975,
  "tabOrder": 18000,
  "width": 447.80487804878049,
  "x": 788.780487804878,
  "y": 651.219512195122,
  "z": 16000
}