{
  "height": 361.46341463414632,
  "tabOrder": 1000,
  "width": 485.85365853658533,
  "x": 794.63414634146341,
  "y": 40.975609756097562,
  "z": 1000
}