{
  "height": 100,
  "tabOrder": 1000,
  "width": 225.36585365853659,
  "x": 255.53861788617883,
  "y": 0,
  "z": 1000
}