{
  "height": 65.853658536585371,
  "tabOrder": 11000,
  "width": 209.26829268292681,
  "x": 787.31707317073165,
  "y": 583.90243902439022,
  "z": 10000
}