{
  "height": 39.512195121951216,
  "tabOrder": 7000,
  "width": 32.195121951219512,
  "x": 0,
  "y": 121.46341463414637,
  "z": 8000
}