{
  "height": 107.14285714285715,
  "tabOrder": 8000,
  "width": 251.42857142857144,
  "x": 57.142857142857146,
  "y": 251.42857142857144,
  "z": 9000
}