{
  "height": 632.19512195121945,
  "width": 746.34146341463418,
  "x": 38.048780487804876,
  "y": 40.975609756097562,
  "z": 0
}