{
  "height": 494.63414634146341,
  "width": 951.219512195122,
  "x": 10.24390243902439,
  "y": 0,
  "z": 0
}