{
  "height": 194.28571428571431,
  "tabOrder": 5000,
  "width": 898.57142857142867,
  "x": 340,
  "y": 74.285714285714292,
  "z": 5000
}