{
  "height": 100,
  "tabOrder": 1000,
  "width": 225.609756097561,
  "x": 74.390243902439025,
  "y": 24.390243902439025,
  "z": 1000
}