{
  "height": 214.28571428571431,
  "tabOrder": 4000,
  "width": 887.14285714285722,
  "x": 372.85714285714289,
  "y": 251.42857142857144,
  "z": 4000
}