{
  "height": 39.512195121951216,
  "tabOrder": 5000,
  "width": 32.195121951219512,
  "x": 0,
  "y": 81.951219512195166,
  "z": 6000
}