{
  "height": 100,
  "tabOrder": 2000,
  "width": 225.36585365853659,
  "x": 511.44308943089425,
  "y": 0,
  "z": 2000
}