{
  "height": 40,
  "tabOrder": 19000,
  "width": 32.857142857142861,
  "x": 0,
  "y": 52.857142857142861,
  "z": 15000
}