{
  "height": 65.853658536585371,
  "tabOrder": 13000,
  "width": 209.26829268292681,
  "x": 1027.3170731707316,
  "y": 583.90243902439022,
  "z": 12000
}