{
  "height": 385.71428571428572,
  "tabOrder": 8000,
  "width": 431.42857142857144,
  "x": 338.57142857142861,
  "y": 304.28571428571428,
  "z": 8000
}