{
  "height": 40,
  "tabOrder": 14000,
  "width": 202.85714285714286,
  "x": 1026.8765133171914,
  "y": 543.58353510896006,
  "z": 13000
}