{
  "height": 200,
  "tabOrder": 3000,
  "width": 249.20634920634922,
  "x": 690.47619047619071,
  "y": 28.57142857142858,
  "z": 3000
}