{
  "name": "8fc96dd90ff1faee272c",
  "layouts": [
    {
      "id": 0,
      "position": {
        "height": 160.97560975609758,
        "width": 32.195121951219512,
        "x": 0,
        "y": 534.14634146341461,
        "z": 3000,
        "tabOrder": 8001
      }
    }
  ],
  "singleVisualGroup": {
    "displayName": "Group 1",
    "groupMode": 0
  }
}