{
  "height": 160.97560975609758,
  "tabOrder": 8001,
  "width": 32.195121951219512,
  "x": 0,
  "y": 534.14634146341461,
  "z": 3000
}