{
  "height": 707.14285714285722,
  "tabOrder": 20000,
  "width": 174.28571428571431,
  "x": 0,
  "y": 0,
  "z": 21000
}