{
  "height": 210,
  "tabOrder": 9000,
  "width": 251.42857142857144,
  "x": 57.142857142857146,
  "y": 465.71428571428572,
  "z": 10000
}