{
  "height": 40,
  "tabOrder": 12000,
  "width": 202.85714285714286,
  "x": 786.87651331719144,
  "y": 543.58353510896006,
  "z": 11000
}