{
  "height": 100,
  "tabOrder": 3000,
  "width": 225.36585365853659,
  "x": 767.34756097560967,
  "y": 0,
  "z": 3000
}