{
  "height": 191.04477611940297,
  "tabOrder": 11000,
  "width": 482.08955223880594,
  "x": 779.1044776119403,
  "y": 370.14925373134326,
  "z": 10000
}