{
  "height": 720,
  "width": 629.26829268292681,
  "x": 10.24390243902439,
  "y": 0,
  "z": 0
}