{
  "height": 648.29268292682923,
  "width": 1188.2926829268292,
  "x": 55.609756097560975,
  "y": 29.26829268292683,
  "z": 0
}