{
  "height": 197.5609756097561,
  "tabOrder": 10000,
  "width": 481.70731707317077,
  "x": 779.26829268292693,
  "y": 162.19512195121953,
  "z": 9000
}