{
  "height": 30.487804878048781,
  "tabOrder": 14000,
  "width": 197.5609756097561,
  "x": 1035.3658536585367,
  "y": 596.34146341463418,
  "z": 16000
}