{
  "height": 39.512195121951216,
  "tabOrder": 22000,
  "width": 32.195121951219512,
  "x": 0,
  "y": 0,
  "z": 22000
}