{
  "height": 110.16949152542374,
  "tabOrder": 2000,
  "width": 1247.457627118644,
  "x": 32.203389830508478,
  "y": 0,
  "z": 2000
}