{
  "height": 24.878048780487806,
  "tabOrder": 3000,
  "width": 30.73170731707317,
  "x": 1.4634146341463414,
  "y": 87.804878048780438,
  "z": 3000
}