{
  "height": 65.853658536585371,
  "tabOrder": 13000,
  "width": 225.609756097561,
  "x": 1035.3658536585367,
  "y": 628.048780487805,
  "z": 13000
}