{
  "height": 600,
  "tabOrder": 1000,
  "width": 1196.6101694915255,
  "x": 59.322033898305087,
  "y": 110.16949152542374,
  "z": 1000
}