{
  "height": 99.512195121951223,
  "tabOrder": 5000,
  "width": 225.36585365853659,
  "x": 1034.6341463414633,
  "y": 23.414634146341463,
  "z": 5000
}