{
  "height": 125.3731343283582,
  "tabOrder": 6000,
  "width": 250.74626865671641,
  "x": 56.71641791044776,
  "y": 59.701492537313428,
  "z": 6000
}