{
  "height": 100,
  "tabOrder": 4000,
  "width": 225.609756097561,
  "x": 268.29268292682929,
  "y": 25.609756097560979,
  "z": 4000
}