{
  "height": 209.26829268292681,
  "tabOrder": 5000,
  "width": 636.58536585365857,
  "x": 373.17073170731709,
  "y": 494.63414634146341,
  "z": 5000
}