{
  "height": 32.195121951219512,
  "tabOrder": 6000,
  "width": 32.195121951219512,
  "x": 0,
  "y": 0,
  "z": 7000
}