{
  "height": 280.97560975609758,
  "tabOrder": 1000,
  "width": 321.95121951219511,
  "x": 958.53658536585363,
  "y": 0,
  "z": 1000
}