{
  "height": 200,
  "tabOrder": 1000,
  "width": 250.79365079365078,
  "x": 373.15452285331816,
  "y": 28.57142857142858,
  "z": 1000
}