{
  "height": 209.26829268292681,
  "tabOrder": 10000,
  "width": 240,
  "x": 1009.7560975609756,
  "y": 494.63414634146341,
  "z": 11000
}