{
  "height": 65.853658536585371,
  "tabOrder": 15000,
  "width": 225.609756097561,
  "x": 779.26829268292693,
  "y": 628.048780487805,
  "z": 17000
}