{
  "height": 132.92682926829269,
  "tabOrder": 12000,
  "width": 175.609756097561,
  "x": 548.78048780487813,
  "y": 560.97560975609758,
  "z": 11000
}