{
  "height": 30.487804878048781,
  "tabOrder": 16000,
  "width": 208.53658536585368,
  "x": 779.26829268292693,
  "y": 597.56097560975616,
  "z": 18000
}