{
  "name": "2afd06f9a24931ebbf45",
  "layouts": [
    {
      "id": 0,
      "position": {
        "height": 101.58536585365854,
        "width": 992.71341463414626,
        "x": 268.75,
        "y": 23.414634146341463,
        "z": 1000,
        "tabOrder": 1000
      }
    }
  ],
  "singleVisualGroup": {
    "displayName": "KPI Background",
    "groupMode": 0,
    "isHidden": false
  }
}