{
  "height": 101.58536585365854,
  "tabOrder": 1000,
  "width": 992.71341463414626,
  "x": 268.75,
  "y": 23.414634146341463,
  "z": 1000
}