{
  "height": 133.17073170731706,
  "tabOrder": 8000,
  "width": 175.60975609756096,
  "x": 338.04878048780495,
  "y": 560.48780487804879,
  "z": 8000
}